{
    "0": {
        "precision": 0.9824907521578299,
        "recall": 0.9698634241342289,
        "f1-score": 0.9761362529802198,
        "support": 160204.0
    },
    "1": {
        "precision": 0.970170831917457,
        "recall": 0.9826716563618614,
        "f1-score": 0.9763812330756005,
        "support": 159796.0
    },
    "accuracy": 0.976259375,
    "macro avg": {
        "precision": 0.9763307920376434,
        "recall": 0.9762675402480452,
        "f1-score": 0.9762587430279102,
        "support": 320000.0
    },
    "weighted avg": {
        "precision": 0.9763386459867969,
        "recall": 0.976259375,
        "f1-score": 0.9762585868530994,
        "support": 320000.0
    }
}