{
    "accuracy": 0.958125,
    "f1_score": 0.9580620931397096,
    "auc_roc": 0.9927571665944421
}