{
    "accuracy": 0.976259375,
    "f1_score": 0.9763812330756005
}