{
    "0": {
        "precision": 0.9505180565335479,
        "recall": 0.9477437538239336,
        "f1-score": 0.949128877862097,
        "support": 99701.0
    },
    "1": {
        "precision": 0.9482055870364847,
        "recall": 0.9509566396474541,
        "f1-score": 0.9495791208080084,
        "support": 100299.0
    },
    "accuracy": 0.949355,
    "macro avg": {
        "precision": 0.9493618217850164,
        "recall": 0.9493501967356939,
        "f1-score": 0.9493539993350527,
        "support": 200000.0
    },
    "weighted avg": {
        "precision": 0.9493583646431183,
        "recall": 0.949355,
        "f1-score": 0.9493546724482569,
        "support": 200000.0
    }
}