{
    "0": {
        "precision": 0.9668586689141676,
        "recall": 0.9544506816359262,
        "f1-score": 0.9606146093303689,
        "support": 399040.0
    },
    "1": {
        "precision": 0.9552404569531694,
        "recall": 0.9674406424581006,
        "f1-score": 0.9613018421616746,
        "support": 400960.0
    },
    "accuracy": 0.96096125,
    "macro avg": {
        "precision": 0.9610495629336685,
        "recall": 0.9609456620470134,
        "f1-score": 0.9609582257460217,
        "support": 800000.0
    },
    "weighted avg": {
        "precision": 0.9610356210793153,
        "recall": 0.96096125,
        "f1-score": 0.9609590504254194,
        "support": 800000.0
    }
}