{
    "accuracy": 0.949355,
    "f1_score": 0.9495791208080084,
    "auc_roc": 0.9897094853517701
}