{
    "accuracy": 0.96096125,
    "f1_score": 0.9613018421616746
}