{
    "0": {
        "precision": 0.9017341040462428,
        "recall": 0.9096209912536443,
        "f1-score": 0.9056603773584906,
        "support": 1029.0
    },
    "1": {
        "precision": 0.9033264033264033,
        "recall": 0.8949536560247168,
        "f1-score": 0.8991205380237972,
        "support": 971.0
    },
    "accuracy": 0.9025,
    "macro avg": {
        "precision": 0.9025302536863231,
        "recall": 0.9022873236391805,
        "f1-score": 0.9023904576911439,
        "support": 2000.0
    },
    "weighted avg": {
        "precision": 0.9025071653467608,
        "recall": 0.9025,
        "f1-score": 0.902485285361497,
        "support": 2000.0
    }
}