{
    "0": {
        "precision": 1.0,
        "recall": 0.9997481742634097,
        "f1-score": 0.999874071275658,
        "support": 3971.0
    },
    "1": {
        "precision": 0.9997518610421836,
        "recall": 1.0,
        "f1-score": 0.9998759151259462,
        "support": 4029.0
    },
    "accuracy": 0.999875,
    "macro avg": {
        "precision": 0.9998759305210918,
        "recall": 0.9998740871317049,
        "f1-score": 0.9998749932008021,
        "support": 8000.0
    },
    "weighted avg": {
        "precision": 0.9998750310173697,
        "recall": 0.999875,
        "f1-score": 0.9998749998847593,
        "support": 8000.0
    }
}