{
    "accuracy": 0.999875,
    "f1_score": 0.9998759151259462
}