{
    "accuracy": 0.9025,
    "f1_score": 0.8991205380237972,
    "auc_roc": 0.9627536758413826
}