{
    "0": {
        "precision": 0.9597869879640574,
        "recall": 0.9461919648171003,
        "f1-score": 0.9529409908986229,
        "support": 159623.0
    },
    "1": {
        "precision": 0.9471894637169666,
        "recall": 0.9605429706254638,
        "f1-score": 0.9538194820673962,
        "support": 160377.0
    },
    "accuracy": 0.953384375,
    "macro avg": {
        "precision": 0.953488225840512,
        "recall": 0.953367467721282,
        "f1-score": 0.9533802364830095,
        "support": 320000.0
    },
    "weighted avg": {
        "precision": 0.9534733843822584,
        "recall": 0.953384375,
        "f1-score": 0.9533812714554176,
        "support": 320000.0
    }
}