{
    "0": {
        "precision": 0.9305035790531206,
        "recall": 0.9302232154066337,
        "f1-score": 0.9303633761080837,
        "support": 39827.0
    },
    "1": {
        "precision": 0.9308448426029613,
        "recall": 0.9311228934856745,
        "f1-score": 0.9309838472834068,
        "support": 40173.0
    },
    "accuracy": 0.930675,
    "macro avg": {
        "precision": 0.930674210828041,
        "recall": 0.9306730544461541,
        "f1-score": 0.9306736116957453,
        "support": 80000.0
    },
    "weighted avg": {
        "precision": 0.9306749488104675,
        "recall": 0.930675,
        "f1-score": 0.9306749534646619,
        "support": 80000.0
    }
}