{
    "accuracy": 0.930675,
    "f1_score": 0.9309838472834068,
    "auc_roc": 0.9823908915481208
}