{
    "accuracy": 0.953384375,
    "f1_score": 0.9538194820673962,
    "auc_roc": 0.9912413332671662
}