{
    "0": {
        "precision": 0.9944621141253508,
        "recall": 0.9866805648765582,
        "f1-score": 0.9905560572829312,
        "support": 350165.0
    },
    "1": {
        "precision": 0.9867716088775438,
        "recall": 0.9945002644103649,
        "f1-score": 0.9906208624592474,
        "support": 349835.0
    },
    "accuracy": 0.9905885714285714,
    "macro avg": {
        "precision": 0.9906168615014472,
        "recall": 0.9905904146434615,
        "f1-score": 0.9905884598710892,
        "support": 700000.0
    },
    "weighted avg": {
        "precision": 0.9906186742633986,
        "recall": 0.9905885714285714,
        "f1-score": 0.9905884445955834,
        "support": 700000.0
    }
}