{
    "0": {
        "precision": 0.9492808577405858,
        "recall": 0.9698625379056067,
        "f1-score": 0.9594613346372666,
        "support": 74857.0
    },
    "1": {
        "precision": 0.9693144722524483,
        "recall": 0.9483784251360738,
        "f1-score": 0.9587321660399696,
        "support": 75143.0
    },
    "accuracy": 0.9591,
    "macro avg": {
        "precision": 0.959297664996517,
        "recall": 0.9591204815208403,
        "f1-score": 0.9590967503386181,
        "support": 150000.0
    },
    "weighted avg": {
        "precision": 0.9593167637090183,
        "recall": 0.9591,
        "f1-score": 0.9590960551978889,
        "support": 150000.0
    }
}