{
    "accuracy": 0.9591,
    "f1_score": 0.9587321660399696,
    "auc_roc": 0.9935884748250173
}