{
    "accuracy": 0.9905885714285714,
    "f1_score": 0.9906208624592474
}