{
    "0": {
        "precision": 0.9649155934891801,
        "recall": 0.9557594952492581,
        "f1-score": 0.9603157202367901,
        "support": 80198.0
    },
    "1": {
        "precision": 0.9559599319786999,
        "recall": 0.96507606325656,
        "f1-score": 0.9604963676612728,
        "support": 79802.0
    },
    "accuracy": 0.96040625,
    "macro avg": {
        "precision": 0.96043776273394,
        "recall": 0.960417779252909,
        "f1-score": 0.9604060439490314,
        "support": 160000.0
    },
    "weighted avg": {
        "precision": 0.9604488453650593,
        "recall": 0.96040625,
        "f1-score": 0.9604058203978437,
        "support": 160000.0
    }
}