{
    "0": {
        "precision": 0.9797590987429035,
        "recall": 0.9661626417570058,
        "f1-score": 0.972913369973165,
        "support": 320090.0
    },
    "1": {
        "precision": 0.9666072661799526,
        "recall": 0.9800287580882123,
        "f1-score": 0.9732717434832413,
        "support": 319910.0
    },
    "accuracy": 0.97309375,
    "macro avg": {
        "precision": 0.9731831824614281,
        "recall": 0.973095699922609,
        "f1-score": 0.9730925567282032,
        "support": 640000.0
    },
    "weighted avg": {
        "precision": 0.9731850319378822,
        "recall": 0.97309375,
        "f1-score": 0.9730925063319282,
        "support": 640000.0
    }
}