{
    "accuracy": 0.97309375,
    "f1_score": 0.9732717434832413
}