{
    "accuracy": 0.96040625,
    "f1_score": 0.9604963676612728,
    "auc_roc": 0.9935168734899231
}