{
    "0": {
        "precision": 0.9121621621621622,
        "recall": 0.9121621621621622,
        "f1-score": 0.9121621621621622,
        "support": 148.0
    },
    "1": {
        "precision": 0.9144736842105263,
        "recall": 0.9144736842105263,
        "f1-score": 0.9144736842105263,
        "support": 152.0
    },
    "accuracy": 0.9133333333333333,
    "macro avg": {
        "precision": 0.9133179231863442,
        "recall": 0.9133179231863442,
        "f1-score": 0.9133179231863442,
        "support": 300.0
    },
    "weighted avg": {
        "precision": 0.9133333333333333,
        "recall": 0.9133333333333333,
        "f1-score": 0.9133333333333333,
        "support": 300.0
    }
}