{
    "0": {
        "precision": 0.9985855728429985,
        "recall": 1.0,
        "f1-score": 0.9992922859164898,
        "support": 706.0
    },
    "1": {
        "precision": 1.0,
        "recall": 0.9985590778097982,
        "f1-score": 0.9992790194664743,
        "support": 694.0
    },
    "accuracy": 0.9992857142857143,
    "macro avg": {
        "precision": 0.9992927864214993,
        "recall": 0.9992795389048992,
        "f1-score": 0.9992856526914821,
        "support": 1400.0
    },
    "weighted avg": {
        "precision": 0.9992867245908265,
        "recall": 0.9992857142857143,
        "f1-score": 0.9992857095476965,
        "support": 1400.0
    }
}