{
    "accuracy": 0.9992857142857143,
    "f1_score": 0.9992790194664743
}