{
    "accuracy": 0.9133333333333333,
    "f1_score": 0.9144736842105263,
    "auc_roc": 0.9711059743954481
}