{
    "0": {
        "precision": 0.9696969696969697,
        "recall": 1.0,
        "f1-score": 0.9846153846153847,
        "support": 32.0
    },
    "1": {
        "precision": 1.0,
        "recall": 0.9736842105263158,
        "f1-score": 0.9866666666666667,
        "support": 38.0
    },
    "accuracy": 0.9857142857142858,
    "macro avg": {
        "precision": 0.9848484848484849,
        "recall": 0.986842105263158,
        "f1-score": 0.9856410256410257,
        "support": 70.0
    },
    "weighted avg": {
        "precision": 0.9861471861471861,
        "recall": 0.9857142857142858,
        "f1-score": 0.9857289377289379,
        "support": 70.0
    }
}