{
    "0": {
        "precision": 0.8,
        "recall": 0.6666666666666666,
        "f1-score": 0.7272727272727273,
        "support": 6.0
    },
    "1": {
        "precision": 0.8,
        "recall": 0.8888888888888888,
        "f1-score": 0.8421052631578947,
        "support": 9.0
    },
    "accuracy": 0.8,
    "macro avg": {
        "precision": 0.8,
        "recall": 0.7777777777777777,
        "f1-score": 0.784688995215311,
        "support": 15.0
    },
    "weighted avg": {
        "precision": 0.8,
        "recall": 0.8,
        "f1-score": 0.7961722488038276,
        "support": 15.0
    }
}