{
    "accuracy": 0.8,
    "f1_score": 0.8421052631578947,
    "auc_roc": 0.8333333333333334
}