{
    "accuracy": 0.9857142857142858,
    "f1_score": 0.9866666666666667
}