{
    "0": {
        "precision": 0.9616236490217108,
        "recall": 0.9492616978756194,
        "f1-score": 0.955402687314388,
        "support": 159623.0
    },
    "1": {
        "precision": 0.9501382142351428,
        "recall": 0.9622950921890296,
        "f1-score": 0.9561780140393921,
        "support": 160377.0
    },
    "accuracy": 0.95579375,
    "macro avg": {
        "precision": 0.9558809316284268,
        "recall": 0.9557783950323245,
        "f1-score": 0.9557903506768901,
        "support": 320000.0
    },
    "weighted avg": {
        "precision": 0.955867400350569,
        "recall": 0.95579375,
        "f1-score": 0.955791264108688,
        "support": 320000.0
    }
}