{
    "0": {
        "precision": 0.9312810477194039,
        "recall": 0.9320059256283426,
        "f1-score": 0.9316433456735898,
        "support": 39827.0
    },
    "1": {
        "precision": 0.9325394848288575,
        "recall": 0.9318198790232246,
        "f1-score": 0.9321795430492436,
        "support": 40173.0
    },
    "accuracy": 0.9319125,
    "macro avg": {
        "precision": 0.9319102662741308,
        "recall": 0.9319129023257836,
        "f1-score": 0.9319114443614167,
        "support": 80000.0
    },
    "weighted avg": {
        "precision": 0.93191298764438,
        "recall": 0.9319125,
        "f1-score": 0.9319126038882416,
        "support": 80000.0
    }
}