{
    "accuracy": 0.95579375,
    "f1_score": 0.9561780140393921
}