{
    "accuracy": 0.9319125,
    "f1_score": 0.9321795430492436,
    "auc_roc": 0.9832962516084466
}