{
    "0": {
        "precision": 0.9761911102825641,
        "recall": 0.979333930026584,
        "f1-score": 0.9777599946650661,
        "support": 74857.0
    },
    "1": {
        "precision": 0.9793463458919655,
        "recall": 0.9762053684308585,
        "f1-score": 0.9777733346662668,
        "support": 75143.0
    },
    "accuracy": 0.9777666666666667,
    "macro avg": {
        "precision": 0.9777687280872648,
        "recall": 0.9777696492287212,
        "f1-score": 0.9777666646656664,
        "support": 150000.0
    },
    "weighted avg": {
        "precision": 0.9777717360785456,
        "recall": 0.9777666666666667,
        "f1-score": 0.9777666773831344,
        "support": 150000.0
    }
}