{
    "0": {
        "precision": 1.0,
        "recall": 0.9995573515342767,
        "f1-score": 0.9997786267718786,
        "support": 350165.0
    },
    "1": {
        "precision": 0.9995571302037201,
        "recall": 1.0,
        "f1-score": 0.9997785160575858,
        "support": 349835.0
    },
    "accuracy": 0.9997785714285714,
    "macro avg": {
        "precision": 0.99977856510186,
        "recall": 0.9997786757671383,
        "f1-score": 0.9997785714147323,
        "support": 700000.0
    },
    "weighted avg": {
        "precision": 0.9997786694925976,
        "recall": 0.9997785714285714,
        "f1-score": 0.9997785714408292,
        "support": 700000.0
    }
}