{
    "accuracy": 0.9777666666666667,
    "f1_score": 0.9777733346662668,
    "auc_roc": 0.9976684908129722
}