{
    "accuracy": 0.9997785714285714,
    "f1_score": 0.9997785160575858
}