{
    "0": {
        "precision": 0.8939393939393939,
        "recall": 0.8428571428571429,
        "f1-score": 0.8676470588235294,
        "support": 70.0
    },
    "1": {
        "precision": 0.8690476190476191,
        "recall": 0.9125,
        "f1-score": 0.8902439024390244,
        "support": 80.0
    },
    "accuracy": 0.88,
    "macro avg": {
        "precision": 0.8814935064935066,
        "recall": 0.8776785714285714,
        "f1-score": 0.8789454806312769,
        "support": 150.0
    },
    "weighted avg": {
        "precision": 0.8806637806637806,
        "recall": 0.88,
        "f1-score": 0.8796987087517933,
        "support": 150.0
    }
}