{
    "accuracy": 0.88,
    "f1_score": 0.8902439024390244,
    "auc_roc": 0.9651785714285714
}