{
    "0": {
        "precision": 0.8923076923076924,
        "recall": 0.8285714285714286,
        "f1-score": 0.8592592592592593,
        "support": 70.0
    },
    "1": {
        "precision": 0.8588235294117647,
        "recall": 0.9125,
        "f1-score": 0.8848484848484849,
        "support": 80.0
    },
    "accuracy": 0.8733333333333333,
    "macro avg": {
        "precision": 0.8755656108597285,
        "recall": 0.8705357142857143,
        "f1-score": 0.8720538720538721,
        "support": 150.0
    },
    "weighted avg": {
        "precision": 0.8744494720965309,
        "recall": 0.8733333333333333,
        "f1-score": 0.8729068462401798,
        "support": 150.0
    }
}