{
    "accuracy": 0.8733333333333333,
    "f1_score": 0.8848484848484849,
    "auc_roc": 0.9633928571428572
}