{
    "0": {
        "precision": 0.9628022474164744,
        "recall": 0.9536172115671271,
        "f1-score": 0.9581877184223665,
        "support": 40252.0
    },
    "1": {
        "precision": 0.9534785208810924,
        "recall": 0.9626899466639831,
        "f1-score": 0.9580620931397096,
        "support": 39748.0
    },
    "accuracy": 0.958125,
    "macro avg": {
        "precision": 0.9581403841487834,
        "recall": 0.9581535791155551,
        "f1-score": 0.958124905781038,
        "support": 80000.0
    },
    "weighted avg": {
        "precision": 0.9581697538873697,
        "recall": 0.958125,
        "f1-score": 0.9581253015006783,
        "support": 80000.0
    }
}