{
    "0": {
        "precision": 1.0,
        "recall": 0.9997229877343538,
        "f1-score": 0.9998614746805706,
        "support": 350165.0
    },
    "1": {
        "precision": 0.9997228032874959,
        "recall": 1.0,
        "f1-score": 0.9998613824315808,
        "support": 349835.0
    },
    "accuracy": 0.9998614285714286,
    "macro avg": {
        "precision": 0.9998614016437479,
        "recall": 0.9998614938671768,
        "f1-score": 0.9998614285560757,
        "support": 700000.0
    },
    "weighted avg": {
        "precision": 0.999861466982973,
        "recall": 0.9998614285714286,
        "f1-score": 0.9998614285778201,
        "support": 700000.0
    }
}