{
    "0": {
        "precision": 0.9525359546627589,
        "recall": 0.9812175214074836,
        "f1-score": 0.966664034533586,
        "support": 74857.0
    },
    "1": {
        "precision": 0.9807103952585439,
        "recall": 0.951292868264509,
        "f1-score": 0.9657776696930394,
        "support": 75143.0
    },
    "accuracy": 0.9662266666666667,
    "macro avg": {
        "precision": 0.9666231749606513,
        "recall": 0.9662551948359963,
        "f1-score": 0.9662208521133127,
        "support": 150000.0
    },
    "weighted avg": {
        "precision": 0.9666500345940193,
        "recall": 0.9662266666666667,
        "f1-score": 0.9662200071121647,
        "support": 150000.0
    }
}