{
    "accuracy": 0.9998614285714286,
    "f1_score": 0.9998613824315808
}