{
    "accuracy": 0.9662266666666667,
    "f1_score": 0.9657776696930394,
    "auc_roc": 0.9962121960076793
}