{
    "0": {
        "precision": 0.9479171900909502,
        "recall": 0.9473221683782359,
        "f1-score": 0.9476195858292833,
        "support": 39827.0
    },
    "1": {
        "precision": 0.9478083486740634,
        "recall": 0.9483981778806662,
        "f1-score": 0.9481031715419741,
        "support": 40173.0
    },
    "accuracy": 0.9478625,
    "macro avg": {
        "precision": 0.9478627693825068,
        "recall": 0.947860173129451,
        "f1-score": 0.9478613786856287,
        "support": 80000.0
    },
    "weighted avg": {
        "precision": 0.9478625340129427,
        "recall": 0.9478625,
        "f1-score": 0.9478624244397325,
        "support": 80000.0
    }
}