{
    "accuracy": 0.9478625,
    "f1_score": 0.9481031715419741,
    "auc_roc": 0.9891430109757346
}