{
    "0": {
        "precision": 0.9828296223912891,
        "recall": 0.9703551493205866,
        "f1-score": 0.9765525502805624,
        "support": 159623.0
    },
    "1": {
        "precision": 0.970862607217847,
        "recall": 0.9831272564021025,
        "f1-score": 0.9769564409195117,
        "support": 160377.0
    },
    "accuracy": 0.97675625,
    "macro avg": {
        "precision": 0.9768461148045681,
        "recall": 0.9767412028613446,
        "f1-score": 0.9767544956000371,
        "support": 320000.0
    },
    "weighted avg": {
        "precision": 0.9768320161648167,
        "recall": 0.97675625,
        "f1-score": 0.9767549714336962,
        "support": 320000.0
    }
}