{
    "0": {
        "precision": 0.9615676359039191,
        "recall": 0.9548798553744947,
        "f1-score": 0.9582120765461027,
        "support": 39827.0
    },
    "1": {
        "precision": 0.95557478368356,
        "recall": 0.9621636422472805,
        "f1-score": 0.9588578941493122,
        "support": 40173.0
    },
    "accuracy": 0.9585375,
    "macro avg": {
        "precision": 0.9585712097937396,
        "recall": 0.9585217488108876,
        "f1-score": 0.9585349853477074,
        "support": 80000.0
    },
    "weighted avg": {
        "precision": 0.958558250250813,
        "recall": 0.9585375,
        "f1-score": 0.9585363819282746,
        "support": 80000.0
    }
}