{
    "accuracy": 0.97675625,
    "f1_score": 0.9769564409195117
}