{
    "accuracy": 0.9585375,
    "f1_score": 0.9588578941493122,
    "auc_roc": 0.9929881060256407
}