{
    "0": {
        "precision": 0.9430910078361393,
        "recall": 0.9742976608733986,
        "f1-score": 0.9584403808372375,
        "support": 74857.0
    },
    "1": {
        "precision": 0.9735226928687419,
        "recall": 0.9414316702819957,
        "f1-score": 0.9572082890757666,
        "support": 75143.0
    },
    "accuracy": 0.9578333333333333,
    "macro avg": {
        "precision": 0.9583068503524406,
        "recall": 0.9578646655776972,
        "f1-score": 0.9578243349565021,
        "support": 150000.0
    },
    "weighted avg": {
        "precision": 0.9583358618921717,
        "recall": 0.9578333333333333,
        "f1-score": 0.9578231603623562,
        "support": 150000.0
    }
}