{
    "0": {
        "precision": 1.0,
        "recall": 0.9999657304413634,
        "f1-score": 0.999982864927076,
        "support": 350165.0
    },
    "1": {
        "precision": 0.9999652719495749,
        "recall": 1.0,
        "f1-score": 0.9999826356732728,
        "support": 345530.0
    },
    "accuracy": 0.9999827510618877,
    "macro avg": {
        "precision": 0.9999826359747874,
        "recall": 0.9999828652206817,
        "f1-score": 0.9999827503001744,
        "support": 695695.0
    },
    "weighted avg": {
        "precision": 0.9999827516609097,
        "recall": 0.9999827510618877,
        "f1-score": 0.999982751063865,
        "support": 695695.0
    }
}