{
    "accuracy": 0.9999827510618877,
    "f1_score": 0.9999826356732728
}