{
    "accuracy": 0.9578333333333333,
    "f1_score": 0.9572082890757666,
    "auc_roc": 0.9940105203593121
}