{
    "0": {
        "precision": 0.8095238095238095,
        "recall": 0.4594594594594595,
        "f1-score": 0.5862068965517241,
        "support": 37.0
    },
    "1": {
        "precision": 0.6610169491525424,
        "recall": 0.9069767441860465,
        "f1-score": 0.7647058823529411,
        "support": 43.0
    },
    "accuracy": 0.7,
    "macro avg": {
        "precision": 0.735270379338176,
        "recall": 0.683218101822753,
        "f1-score": 0.6754563894523327,
        "support": 80.0
    },
    "weighted avg": {
        "precision": 0.7297013720742533,
        "recall": 0.7,
        "f1-score": 0.6821501014198782,
        "support": 80.0
    }
}