{
    "0": {
        "precision": 0.3333333333333333,
        "recall": 0.125,
        "f1-score": 0.18181818181818182,
        "support": 8.0
    },
    "1": {
        "precision": 0.5882352941176471,
        "recall": 0.8333333333333334,
        "f1-score": 0.6896551724137931,
        "support": 12.0
    },
    "accuracy": 0.55,
    "macro avg": {
        "precision": 0.4607843137254902,
        "recall": 0.4791666666666667,
        "f1-score": 0.4357366771159875,
        "support": 20.0
    },
    "weighted avg": {
        "precision": 0.4862745098039215,
        "recall": 0.55,
        "f1-score": 0.48652037617554866,
        "support": 20.0
    }
}