{
    "accuracy": 0.55,
    "f1_score": 0.6896551724137931,
    "auc_roc": 0.7187500000000001
}