{
    "accuracy": {
        "mean": 0.979241,
        "std": 0.00042087290243016345,
        "per_fold": [
            0.97863,
            0.97983,
            0.979555,
            0.979205,
            0.978985
        ]
    },
    "f1_score": {
        "mean": 0.9791992924371755,
        "std": 0.0004226415768672029,
        "per_fold": [
            0.9785364187859066,
            0.9797552970461001,
            0.9795071491933665,
            0.9792204807418473,
            0.978977116418657
        ]
    },
    "auc_roc": {
        "mean": 0.9979577711597523,
        "std": 6.460726354652102e-05,
        "per_fold": [
            0.9979416859714494,
            0.9980518166072664,
            0.9979907736940552,
            0.9979498380279026,
            0.9978547414980882
        ]
    }
}