{
    "0": {
        "precision": 0.9417074822842851,
        "recall": 0.9657480262366913,
        "f1-score": 0.9535762572135202,
        "support": 74857.0
    },
    "1": {
        "precision": 0.9649879833952371,
        "recall": 0.9404468812796933,
        "f1-score": 0.9525593934288121,
        "support": 75143.0
    },
    "accuracy": 0.9530733333333333,
    "macro avg": {
        "precision": 0.953347732839761,
        "recall": 0.9530974537581923,
        "f1-score": 0.9530678253211662,
        "support": 150000.0
    },
    "weighted avg": {
        "precision": 0.953369926917487,
        "recall": 0.9530733333333333,
        "f1-score": 0.9530668559110246,
        "support": 150000.0
    }
}