{
    "0": {
        "precision": 0.991555222504035,
        "recall": 0.9824796881470164,
        "f1-score": 0.9869965931504392,
        "support": 350165.0
    },
    "1": {
        "precision": 0.9826223657375934,
        "recall": 0.9916246230365744,
        "f1-score": 0.9871029699448692,
        "support": 349835.0
    },
    "accuracy": 0.98705,
    "macro avg": {
        "precision": 0.9870887941208142,
        "recall": 0.9870521555917954,
        "f1-score": 0.9870497815476542,
        "support": 700000.0
    },
    "weighted avg": {
        "precision": 0.9870908997227664,
        "recall": 0.98705,
        "f1-score": 0.9870497564731242,
        "support": 700000.0
    }
}