{
    "accuracy": 0.98705,
    "f1_score": 0.9871029699448692
}