{
    "accuracy": 0.9530733333333333,
    "f1_score": 0.9525593934288121,
    "auc_roc": 0.991674876223919
}