{
    "0": {
        "precision": 0.924901185770751,
        "recall": 0.9026036644165863,
        "f1-score": 0.9136163982430454,
        "support": 1037.0
    },
    "1": {
        "precision": 0.8977732793522267,
        "recall": 0.9210799584631361,
        "f1-score": 0.9092772936955408,
        "support": 963.0
    },
    "accuracy": 0.9115,
    "macro avg": {
        "precision": 0.9113372325614888,
        "recall": 0.9118418114398612,
        "f1-score": 0.911446845969293,
        "support": 2000.0
    },
    "weighted avg": {
        "precision": 0.9118390988302315,
        "recall": 0.9115,
        "f1-score": 0.9115271194034219,
        "support": 2000.0
    }
}