{
    "accuracy": 0.9115,
    "f1_score": 0.9092772936955408,
    "auc_roc": 0.9765103426591003
}