{
    "0": {
        "precision": 0.9771386430678466,
        "recall": 1.0,
        "f1-score": 0.9884371503170459,
        "support": 1325.0
    },
    "1": {
        "precision": 1.0,
        "recall": 0.581081081081081,
        "f1-score": 0.7350427350427351,
        "support": 74.0
    },
    "accuracy": 0.9778413152251608,
    "macro avg": {
        "precision": 0.9885693215339233,
        "recall": 0.7905405405405406,
        "f1-score": 0.8617399426798905,
        "support": 1399.0
    },
    "weighted avg": {
        "precision": 0.9783478928269455,
        "recall": 0.9778413152251608,
        "f1-score": 0.9750338717392768,
        "support": 1399.0
    }
}