{
    "accuracy": 0.9778413152251608,
    "f1_score": 0.7350427350427351,
    "mcc": 0.7535229121134704
}