{
    "accuracy": 0.62,
    "f1_score": 0.4,
    "mcc": 0.3757943241266445,
    "auc_roc": 0.9309655049786629,
    "pr_auc": 0.9340703203650511
}