{
    "0": {
        "precision": 0.8504672897196262,
        "recall": 0.8921568627450981,
        "f1-score": 0.8708133971291866,
        "support": 102.0
    },
    "1": {
        "precision": 0.8817204301075269,
        "recall": 0.8367346938775511,
        "f1-score": 0.8586387434554974,
        "support": 98.0
    },
    "accuracy": 0.865,
    "macro avg": {
        "precision": 0.8660938599135766,
        "recall": 0.8644457783113246,
        "f1-score": 0.864726070292342,
        "support": 200.0
    },
    "weighted avg": {
        "precision": 0.8657813285096975,
        "recall": 0.865,
        "f1-score": 0.8648478168290787,
        "support": 200.0
    }
}