{
    "accuracy": 0.865,
    "f1_score": 0.8586387434554974,
    "auc_roc": 0.918967587034814
}