{
    "0": {
        "precision": 0.9192434478522994,
        "recall": 0.9144866455522581,
        "f1-score": 0.9168588769916428,
        "support": 80198.0
    },
    "1": {
        "precision": 0.9145069000336588,
        "recall": 0.9192626751209243,
        "f1-score": 0.9168786206637962,
        "support": 79802.0
    },
    "accuracy": 0.91686875,
    "macro avg": {
        "precision": 0.916875173942979,
        "recall": 0.9168746603365912,
        "f1-score": 0.9168687488277195,
        "support": 160000.0
    },
    "weighted avg": {
        "precision": 0.9168810354209047,
        "recall": 0.91686875,
        "f1-score": 0.9168687243949253,
        "support": 160000.0
    }
}