{
    "0": {
        "precision": 0.9243002984136957,
        "recall": 0.9192758286731857,
        "f1-score": 0.9217812167157446,
        "support": 320090.0
    },
    "1": {
        "precision": 0.9196673402766983,
        "recall": 0.9246694382795161,
        "f1-score": 0.9221616060851674,
        "support": 319910.0
    },
    "accuracy": 0.921971875,
    "macro avg": {
        "precision": 0.921983819345197,
        "recall": 0.921972633476351,
        "f1-score": 0.921971411400456,
        "support": 640000.0
    },
    "weighted avg": {
        "precision": 0.921984470854935,
        "recall": 0.921971875,
        "f1-score": 0.9219713579082011,
        "support": 640000.0
    }
}