{
    "accuracy": 0.921971875,
    "f1_score": 0.9221616060851674
}