{
    "accuracy": 0.91686875,
    "f1_score": 0.9168786206637962,
    "auc_roc": 0.9745272752136402
}