{
    "0": {
        "precision": 0.9414636679997922,
        "recall": 0.9685667339059807,
        "f1-score": 0.9548229065839638,
        "support": 74857.0
    },
    "1": {
        "precision": 0.9677618238614567,
        "recall": 0.9400077186165046,
        "f1-score": 0.9536828887943779,
        "support": 75143.0
    },
    "accuracy": 0.95426,
    "macro avg": {
        "precision": 0.9546127459306244,
        "recall": 0.9542872262612426,
        "f1-score": 0.9542528976891709,
        "support": 150000.0
    },
    "weighted avg": {
        "precision": 0.9546378168392126,
        "recall": 0.95426,
        "f1-score": 0.9542518108722113,
        "support": 150000.0
    }
}