{
    "0": {
        "precision": 0.9926420614899033,
        "recall": 0.9843616580754787,
        "f1-score": 0.9884845191272267,
        "support": 350165.0
    },
    "1": {
        "precision": 0.9844765220152173,
        "recall": 0.9926965569482756,
        "f1-score": 0.9885694522133076,
        "support": 349835.0
    },
    "accuracy": 0.9885271428571428,
    "macro avg": {
        "precision": 0.9885592917525603,
        "recall": 0.9885291075118772,
        "f1-score": 0.9885269856702672,
        "support": 700000.0
    },
    "weighted avg": {
        "precision": 0.988561216486865,
        "recall": 0.9885271428571428,
        "f1-score": 0.9885269656503254,
        "support": 700000.0
    }
}