{
    "accuracy": 0.9885271428571428,
    "f1_score": 0.9885694522133076
}