{
    "accuracy": 0.95426,
    "f1_score": 0.9536828887943779,
    "auc_roc": 0.9925784192419725
}