{
    "0": {
        "precision": 0.8739103838507417,
        "recall": 0.9201846434609914,
        "f1-score": 0.8964507484149291,
        "support": 37261.0
    },
    "1": {
        "precision": 0.916848403511715,
        "recall": 0.8689154455602958,
        "f1-score": 0.89223862322291,
        "support": 37739.0
    },
    "accuracy": 0.8943866666666667,
    "macro avg": {
        "precision": 0.8953793936812284,
        "recall": 0.8945500445106436,
        "f1-score": 0.8943446858189196,
        "support": 75000.0
    },
    "weighted avg": {
        "precision": 0.8955162228372145,
        "recall": 0.8943866666666667,
        "f1-score": 0.8943312631799742,
        "support": 75000.0
    }
}