{
    "0": {
        "precision": 0.9772438065322313,
        "recall": 0.973266122817133,
        "f1-score": 0.9752509088204926,
        "support": 175171.0
    },
    "1": {
        "precision": 0.9667641339370626,
        "recall": 0.9716810876744966,
        "f1-score": 0.9692163747683135,
        "support": 140189.0
    },
    "accuracy": 0.9725615169964485,
    "macro avg": {
        "precision": 0.972003970234647,
        "recall": 0.9724736052458147,
        "f1-score": 0.9722336417944031,
        "support": 315360.0
    },
    "weighted avg": {
        "precision": 0.9725852105738215,
        "recall": 0.9725615169964485,
        "f1-score": 0.9725683387601143,
        "support": 315360.0
    }
}