{
    "accuracy": 0.9725615169964485,
    "f1_score": 0.9692163747683135
}