{
    "accuracy": 0.8943866666666667,
    "f1_score": 0.89223862322291,
    "auc_roc": 0.9493848638668865
}