{
    "0": {
        "precision": 0.971022496445257,
        "recall": 0.9583268075402668,
        "f1-score": 0.9646328812992853,
        "support": 159623.0
    },
    "1": {
        "precision": 0.9590555446129604,
        "recall": 0.9715358187271242,
        "f1-score": 0.9652553424131384,
        "support": 160377.0
    },
    "accuracy": 0.964946875,
    "macro avg": {
        "precision": 0.9650390205291086,
        "recall": 0.9649313131336955,
        "f1-score": 0.9649441118562119,
        "support": 320000.0
    },
    "weighted avg": {
        "precision": 0.9650249219639813,
        "recall": 0.964946875,
        "f1-score": 0.9649448451932116,
        "support": 320000.0
    }
}