{
    "accuracy": 0.964946875,
    "f1_score": 0.9652553424131384
}