{
    "0": {
        "precision": 0.9401389981641752,
        "recall": 0.9616390584132519,
        "f1-score": 0.9507674966017969,
        "support": 14911.0
    },
    "1": {
        "precision": 0.9612150800108489,
        "recall": 0.9394923454171913,
        "f1-score": 0.9502295807219224,
        "support": 15089.0
    },
    "accuracy": 0.9505,
    "macro avg": {
        "precision": 0.9506770390875121,
        "recall": 0.9505657019152216,
        "f1-score": 0.9504985386618596,
        "support": 30000.0
    },
    "weighted avg": {
        "precision": 0.9507395647969904,
        "recall": 0.9505,
        "f1-score": 0.9504969428447495,
        "support": 30000.0
    }
}