{
    "0": {
        "precision": 0.999571177403908,
        "recall": 0.9976460182041259,
        "f1-score": 0.9986076699535176,
        "support": 70094.0
    },
    "1": {
        "precision": 0.997644236946931,
        "recall": 0.9995708522873573,
        "f1-score": 0.9986066153615297,
        "support": 69906.0
    },
    "accuracy": 0.9986071428571428,
    "macro avg": {
        "precision": 0.9986077071754196,
        "recall": 0.9986084352457416,
        "f1-score": 0.9986071426575236,
        "support": 140000.0
    },
    "weighted avg": {
        "precision": 0.9986090009782979,
        "recall": 0.9986071428571428,
        "f1-score": 0.9986071433656067,
        "support": 140000.0
    }
}