{
    "accuracy": 0.9505,
    "f1_score": 0.9502295807219224,
    "auc_roc": 0.9907985382898747
}