{
    "accuracy": 0.9986071428571428,
    "f1_score": 0.9986066153615297
}