{
    "0": {
        "precision": 0.9046406770647704,
        "recall": 0.9128622888491816,
        "f1-score": 0.9087328874163906,
        "support": 175171.0
    },
    "1": {
        "precision": 0.9097637683558372,
        "recall": 0.9012814205730082,
        "f1-score": 0.9055027301826398,
        "support": 170748.0
    },
    "accuracy": 0.9071458925355358,
    "macro avg": {
        "precision": 0.9072022227103038,
        "recall": 0.907071854711095,
        "f1-score": 0.9071178087995152,
        "support": 345919.0
    },
    "weighted avg": {
        "precision": 0.9071694701977497,
        "recall": 0.9071458925355358,
        "f1-score": 0.9071384595666673,
        "support": 345919.0
    }
}