{
    "0": {
        "precision": 0.85943124550036,
        "recall": 0.8970505354123615,
        "f1-score": 0.8778380365842449,
        "support": 37261.0
    },
    "1": {
        "precision": 0.893763154979506,
        "recall": 0.8551365960942261,
        "f1-score": 0.874023318482809,
        "support": 37739.0
    },
    "accuracy": 0.87596,
    "macro avg": {
        "precision": 0.8765972002399329,
        "recall": 0.8760935657532938,
        "f1-score": 0.8759306775335269,
        "support": 75000.0
    },
    "weighted avg": {
        "precision": 0.8767066045914732,
        "recall": 0.87596,
        "f1-score": 0.8759185212985104,
        "support": 75000.0
    }
}