{
    "accuracy": 0.9071458925355358,
    "f1_score": 0.9055027301826398
}