{
    "accuracy": 0.87596,
    "f1_score": 0.874023318482809,
    "auc_roc": 0.9489835056973006
}