{
    "0": {
        "precision": 0.9895985945417991,
        "recall": 0.9774969772526516,
        "f1-score": 0.9835105611830037,
        "support": 159623.0
    },
    "1": {
        "precision": 0.9778720992552162,
        "recall": 0.989774094789153,
        "f1-score": 0.9837871003328107,
        "support": 160377.0
    },
    "accuracy": 0.98365,
    "macro avg": {
        "precision": 0.9837353468985077,
        "recall": 0.9836355360209024,
        "f1-score": 0.9836488307579072,
        "support": 320000.0
    },
    "weighted avg": {
        "precision": 0.9837215316212481,
        "recall": 0.98365,
        "f1-score": 0.983649156555593,
        "support": 320000.0
    }
}