{
    "0": {
        "precision": 0.9563180169286578,
        "recall": 0.9531724709368017,
        "f1-score": 0.9547426530689235,
        "support": 39827.0
    },
    "1": {
        "precision": 0.9537266772528781,
        "recall": 0.9568366813531476,
        "f1-score": 0.9552791480795755,
        "support": 40173.0
    },
    "accuracy": 0.9550125,
    "macro avg": {
        "precision": 0.9550223470907679,
        "recall": 0.9550045761449746,
        "f1-score": 0.9550109005742495,
        "support": 80000.0
    },
    "weighted avg": {
        "precision": 0.9550167433187191,
        "recall": 0.9550125,
        "f1-score": 0.9550120607447101,
        "support": 80000.0
    }
}