{
    "accuracy": 0.9550125,
    "f1_score": 0.9552791480795755,
    "auc_roc": 0.9910995316361766
}