{
    "accuracy": 0.98365,
    "f1_score": 0.9837871003328107
}