{
    "0": {
        "precision": 0.981394451542714,
        "recall": 0.9694554656502858,
        "f1-score": 0.9753884259593956,
        "support": 320090.0
    },
    "1": {
        "precision": 0.9698058084520266,
        "recall": 0.9816104529398894,
        "f1-score": 0.9756724259531406,
        "support": 319910.0
    },
    "accuracy": 0.97553125,
    "macro avg": {
        "precision": 0.9756001299973702,
        "recall": 0.9755329592950877,
        "f1-score": 0.975530425956268,
        "support": 640000.0
    },
    "weighted avg": {
        "precision": 0.975601759650305,
        "recall": 0.97553125,
        "f1-score": 0.9755303860187691,
        "support": 640000.0
    }
}