{
    "0": {
        "precision": 0.9192299644277045,
        "recall": 0.9312077607920397,
        "f1-score": 0.9251800967536128,
        "support": 80198.0
    },
    "1": {
        "precision": 0.9299490838909558,
        "recall": 0.9177714844239493,
        "f1-score": 0.9238201552734313,
        "support": 79802.0
    },
    "accuracy": 0.92450625,
    "macro avg": {
        "precision": 0.9245895241593302,
        "recall": 0.9244896226079945,
        "f1-score": 0.924500126013522,
        "support": 160000.0
    },
    "weighted avg": {
        "precision": 0.9245762592489944,
        "recall": 0.92450625,
        "f1-score": 0.9245018089411038,
        "support": 160000.0
    }
}