{
    "accuracy": 0.97553125,
    "f1_score": 0.9756724259531406
}