{
    "accuracy": 0.92450625,
    "f1_score": 0.9238201552734313,
    "auc_roc": 0.9791703708430028
}