{
    "0": {
        "precision": 0.9429461933700216,
        "recall": 0.9659350494943693,
        "f1-score": 0.9543021928348477,
        "support": 74857.0
    },
    "1": {
        "precision": 0.9652200005455687,
        "recall": 0.9417776772287505,
        "f1-score": 0.9533547531001408,
        "support": 75143.0
    },
    "accuracy": 0.9538333333333333,
    "macro avg": {
        "precision": 0.9540830969577951,
        "recall": 0.9538563633615599,
        "f1-score": 0.9538284729674943,
        "support": 150000.0
    },
    "weighted avg": {
        "precision": 0.9541043313206358,
        "recall": 0.9538333333333333,
        "f1-score": 0.9538275697416139,
        "support": 150000.0
    }
}