{
    "0": {
        "precision": 0.9918335226257257,
        "recall": 0.9826024873987977,
        "f1-score": 0.9871964261890109,
        "support": 350165.0
    },
    "1": {
        "precision": 0.9827468039672155,
        "recall": 0.9919018966084011,
        "f1-score": 0.9873031273428753,
        "support": 349835.0
    },
    "accuracy": 0.98725,
    "macro avg": {
        "precision": 0.9872901632964706,
        "recall": 0.9872521920035995,
        "f1-score": 0.9872497767659432,
        "support": 700000.0
    },
    "weighted avg": {
        "precision": 0.9872923051658685,
        "recall": 0.98725,
        "f1-score": 0.9872497516149569,
        "support": 700000.0
    }
}