{
    "accuracy": 0.98725,
    "f1_score": 0.9873031273428753
}