{
    "accuracy": 0.9538333333333333,
    "f1_score": 0.9533547531001408,
    "auc_roc": 0.9919112021497196
}