{
    "0": {
        "precision": 0.9767809711403588,
        "recall": 0.9817816396524313,
        "f1-score": 0.979274921458136,
        "support": 100009.0
    },
    "1": {
        "precision": 0.9816845766443169,
        "recall": 0.9766578992109289,
        "f1-score": 0.9791647866847145,
        "support": 99991.0
    },
    "accuracy": 0.97922,
    "macro avg": {
        "precision": 0.9792327738923379,
        "recall": 0.9792197694316801,
        "f1-score": 0.9792198540714252,
        "support": 200000.0
    },
    "weighted avg": {
        "precision": 0.9792325532300902,
        "recall": 0.97922,
        "f1-score": 0.97921985902749,
        "support": 200000.0
    }
}