{
    "accuracy": 0.97922,
    "f1_score": 0.9791647866847145,
    "auc_roc": 0.9980018778838152
}