{
    "0": {
        "precision": 0.979910678960179,
        "recall": 0.9672029741635165,
        "f1-score": 0.9735153585764171,
        "support": 320090.0
    },
    "1": {
        "precision": 0.9676048645162485,
        "recall": 0.9801600450126599,
        "f1-score": 0.9738419897790428,
        "support": 319910.0
    },
    "accuracy": 0.9736796875,
    "macro avg": {
        "precision": 0.9737577717382138,
        "recall": 0.9736815095880882,
        "f1-score": 0.9736786741777299,
        "support": 640000.0
    },
    "weighted avg": {
        "precision": 0.9737595022433699,
        "recall": 0.9736796875,
        "f1-score": 0.9736786282452171,
        "support": 640000.0
    }
}