{
    "0": {
        "precision": 0.9635571998439604,
        "recall": 0.9547744332776379,
        "f1-score": 0.9591457113331037,
        "support": 80198.0
    },
    "1": {
        "precision": 0.9549625619311338,
        "recall": 0.9637101827021879,
        "f1-score": 0.9593164312221286,
        "support": 79802.0
    },
    "accuracy": 0.95923125,
    "macro avg": {
        "precision": 0.9592598808875471,
        "recall": 0.9592423079899128,
        "f1-score": 0.9592310712776162,
        "support": 160000.0
    },
    "weighted avg": {
        "precision": 0.9592705167519642,
        "recall": 0.95923125,
        "f1-score": 0.9592308600117534,
        "support": 160000.0
    }
}