{
    "accuracy": 0.95923125,
    "f1_score": 0.9593164312221286,
    "auc_roc": 0.9930094749911653
}