{
    "accuracy": 0.9736796875,
    "f1_score": 0.9738419897790428
}