{
    "0": {
        "precision": 0.7454545454545455,
        "recall": 0.803921568627451,
        "f1-score": 0.7735849056603774,
        "support": 102.0
    },
    "1": {
        "precision": 0.7777777777777778,
        "recall": 0.7142857142857143,
        "f1-score": 0.7446808510638298,
        "support": 98.0
    },
    "accuracy": 0.76,
    "macro avg": {
        "precision": 0.7616161616161616,
        "recall": 0.7591036414565826,
        "f1-score": 0.7591328783621036,
        "support": 200.0
    },
    "weighted avg": {
        "precision": 0.7612929292929295,
        "recall": 0.76,
        "f1-score": 0.7594219189080691,
        "support": 200.0
    }
}