{
    "0": {
        "precision": 0.854978354978355,
        "recall": 0.9681372549019608,
        "f1-score": 0.9080459770114943,
        "support": 408.0
    },
    "1": {
        "precision": 0.9615384615384616,
        "recall": 0.8290816326530612,
        "f1-score": 0.8904109589041096,
        "support": 392.0
    },
    "accuracy": 0.9,
    "macro avg": {
        "precision": 0.9082584082584082,
        "recall": 0.898609443777511,
        "f1-score": 0.899228467957802,
        "support": 800.0
    },
    "weighted avg": {
        "precision": 0.9071928071928071,
        "recall": 0.9,
        "f1-score": 0.8994048181388757,
        "support": 800.0
    }
}