{
    "0": {
        "precision": 0.8737958349303693,
        "recall": 0.9177424116368321,
        "f1-score": 0.8952301167600398,
        "support": 37261.0
    },
    "1": {
        "precision": 0.9145406385055067,
        "recall": 0.8691274278597737,
        "f1-score": 0.891255910004891,
        "support": 37739.0
    },
    "accuracy": 0.89328,
    "macro avg": {
        "precision": 0.894168236717938,
        "recall": 0.8934349197483029,
        "f1-score": 0.8932430133824654,
        "support": 75000.0
    },
    "weighted avg": {
        "precision": 0.8942980768253309,
        "recall": 0.89328,
        "f1-score": 0.8932303489102722,
        "support": 75000.0
    }
}