{
    "0": {
        "precision": 0.9753083188851451,
        "recall": 0.9703437546785396,
        "f1-score": 0.9728197029418675,
        "support": 153627.0
    },
    "1": {
        "precision": 0.9676812961531095,
        "recall": 0.9730792002225567,
        "f1-score": 0.970372741499502,
        "support": 140189.0
    },
    "accuracy": 0.9716489231355678,
    "macro avg": {
        "precision": 0.9714948075191273,
        "recall": 0.9717114774505482,
        "f1-score": 0.9715962222206848,
        "support": 293816.0
    },
    "weighted avg": {
        "precision": 0.9716692226828235,
        "recall": 0.9716489231355678,
        "f1-score": 0.9716521794658016,
        "support": 293816.0
    }
}