{
    "accuracy": 0.9716489231355678,
    "f1_score": 0.970372741499502
}