{
    "accuracy": 0.89328,
    "f1_score": 0.891255910004891,
    "auc_roc": 0.9277654505886601
}