{
    "0": {
        "precision": 0.8591549295774648,
        "recall": 0.8714285714285714,
        "f1-score": 0.8652482269503546,
        "support": 70.0
    },
    "1": {
        "precision": 0.8860759493670886,
        "recall": 0.875,
        "f1-score": 0.8805031446540881,
        "support": 80.0
    },
    "accuracy": 0.8733333333333333,
    "macro avg": {
        "precision": 0.8726154394722767,
        "recall": 0.8732142857142857,
        "f1-score": 0.8728756858022213,
        "support": 150.0
    },
    "weighted avg": {
        "precision": 0.8735128067985976,
        "recall": 0.8733333333333333,
        "f1-score": 0.8733841830590123,
        "support": 150.0
    }
}