{
    "accuracy": 0.8733333333333333,
    "f1_score": 0.8805031446540881,
    "auc_roc": 0.94
}