{
    "0": {
        "precision": 0.8857142857142857,
        "recall": 0.8857142857142857,
        "f1-score": 0.8857142857142857,
        "support": 70.0
    },
    "1": {
        "precision": 0.9,
        "recall": 0.9,
        "f1-score": 0.9,
        "support": 80.0
    },
    "accuracy": 0.8933333333333333,
    "macro avg": {
        "precision": 0.8928571428571428,
        "recall": 0.8928571428571428,
        "f1-score": 0.8928571428571428,
        "support": 150.0
    },
    "weighted avg": {
        "precision": 0.8933333333333333,
        "recall": 0.8933333333333333,
        "f1-score": 0.8933333333333333,
        "support": 150.0
    }
}