{
    "accuracy": 0.8933333333333333,
    "f1_score": 0.9,
    "auc_roc": 0.9617857142857144
}