{
    "0": {
        "precision": 0.8244545977185391,
        "recall": 0.8512418382329969,
        "f1-score": 0.8376341111008638,
        "support": 320090.0
    },
    "1": {
        "precision": 0.846156828535427,
        "recall": 0.8186489950298521,
        "f1-score": 0.8321756537764926,
        "support": 319910.0
    },
    "accuracy": 0.83495,
    "macro avg": {
        "precision": 0.835305713126983,
        "recall": 0.8349454166314245,
        "f1-score": 0.8349048824386782,
        "support": 640000.0
    },
    "weighted avg": {
        "precision": 0.8353026612507743,
        "recall": 0.83495,
        "f1-score": 0.8349056500342394,
        "support": 640000.0
    }
}