{
    "0": {
        "precision": 0.8123649943251852,
        "recall": 0.8300206987705429,
        "f1-score": 0.8210979468234046,
        "support": 80198.0
    },
    "1": {
        "precision": 0.8253628665496612,
        "recall": 0.8073356557479763,
        "f1-score": 0.8162497386941676,
        "support": 79802.0
    },
    "accuracy": 0.81870625,
    "macro avg": {
        "precision": 0.8188639304374232,
        "recall": 0.8186781772592595,
        "f1-score": 0.8186738427587861,
        "support": 160000.0
    },
    "weighted avg": {
        "precision": 0.8188478455705454,
        "recall": 0.81870625,
        "f1-score": 0.8186798424163461,
        "support": 160000.0
    }
}