{
    "accuracy": 0.81870625,
    "f1_score": 0.8162497386941676,
    "auc_roc": 0.9033146479761656
}