{
    "accuracy": 0.83495,
    "f1_score": 0.8321756537764926
}