{
    "0": {
        "precision": 0.9823027637474413,
        "recall": 0.9684807397919335,
        "f1-score": 0.9753427846890554,
        "support": 320090.0
    },
    "1": {
        "precision": 0.968900848915275,
        "recall": 0.9825419649276359,
        "f1-score": 0.9756737293659712,
        "support": 319910.0
    },
    "accuracy": 0.975509375,
    "macro avg": {
        "precision": 0.9756018063313581,
        "recall": 0.9755113523597847,
        "f1-score": 0.9755082570275133,
        "support": 640000.0
    },
    "weighted avg": {
        "precision": 0.9756036909756313,
        "recall": 0.975509375,
        "f1-score": 0.9755082104884183,
        "support": 640000.0
    }
}