{
    "0": {
        "precision": 0.9553827826196,
        "recall": 0.9499862839472306,
        "f1-score": 0.9526768911424695,
        "support": 80198.0
    },
    "1": {
        "precision": 0.9500218054949847,
        "recall": 0.9554146512618731,
        "f1-score": 0.9527105968498722,
        "support": 79802.0
    },
    "accuracy": 0.95269375,
    "macro avg": {
        "precision": 0.9527022940572923,
        "recall": 0.9527004676045518,
        "f1-score": 0.9526937439961709,
        "support": 160000.0
    },
    "weighted avg": {
        "precision": 0.9527089282664841,
        "recall": 0.95269375,
        "f1-score": 0.9526937022853579,
        "support": 160000.0
    }
}