{
    "accuracy": 0.95269375,
    "f1_score": 0.9527105968498722,
    "auc_roc": 0.9902971727516189
}