{
    "accuracy": 0.975509375,
    "f1_score": 0.9756737293659712
}