{
    "0": {
        "precision": 0.8119352958321189,
        "recall": 0.8304928947629932,
        "f1-score": 0.8211092552564354,
        "support": 40252.0
    },
    "1": {
        "precision": 0.8242762954568867,
        "recall": 0.8051977457985308,
        "f1-score": 0.8146253308898391,
        "support": 39748.0
    },
    "accuracy": 0.817925,
    "macro avg": {
        "precision": 0.8181057956445028,
        "recall": 0.817845320280762,
        "f1-score": 0.8178672930731372,
        "support": 80000.0
    },
    "weighted avg": {
        "precision": 0.8180669214956848,
        "recall": 0.817925,
        "f1-score": 0.8178877174348922,
        "support": 80000.0
    }
}