{
    "0": {
        "precision": 0.8294553976998164,
        "recall": 0.8571446405832563,
        "f1-score": 0.8430727292820394,
        "support": 160204.0
    },
    "1": {
        "precision": 0.8518206775095825,
        "recall": 0.8233122230844326,
        "f1-score": 0.8373238629854508,
        "support": 159796.0
    },
    "accuracy": 0.84025,
    "macro avg": {
        "precision": 0.8406380376046994,
        "recall": 0.8402284318338444,
        "f1-score": 0.8401982961337451,
        "support": 320000.0
    },
    "weighted avg": {
        "precision": 0.8406237797388206,
        "recall": 0.84025,
        "f1-score": 0.8402019610360092,
        "support": 320000.0
    }
}