{
    "accuracy": 0.84025,
    "f1_score": 0.8373238629854508
}