{
    "accuracy": 0.817925,
    "f1_score": 0.8146253308898391,
    "auc_roc": 0.9026932938343323
}