{
    "0": {
        "precision": 0.8723094599770203,
        "recall": 0.9168836048415233,
        "f1-score": 0.8940412948473033,
        "support": 37261.0
    },
    "1": {
        "precision": 0.9135761127389423,
        "recall": 0.8674845650388192,
        "f1-score": 0.8899339440563242,
        "support": 37739.0
    },
    "accuracy": 0.8920266666666666,
    "macro avg": {
        "precision": 0.8929427863579813,
        "recall": 0.8921840849401712,
        "f1-score": 0.8919876194518137,
        "support": 75000.0
    },
    "weighted avg": {
        "precision": 0.8930742894247826,
        "recall": 0.8920266666666666,
        "f1-score": 0.8919745306939597,
        "support": 75000.0
    }
}