{
    "0": {
        "precision": 0.9732563004740042,
        "recall": 0.9693670756004134,
        "f1-score": 0.9713077948301405,
        "support": 175171.0
    },
    "1": {
        "precision": 0.9690275958003128,
        "recall": 0.9729587194510608,
        "f1-score": 0.9709891787786075,
        "support": 172551.0
    },
    "accuracy": 0.9711493664479095,
    "macro avg": {
        "precision": 0.9711419481371586,
        "recall": 0.9711628975257371,
        "f1-score": 0.971148486804374,
        "support": 347722.0
    },
    "weighted avg": {
        "precision": 0.9711578792635254,
        "recall": 0.9711493664479095,
        "f1-score": 0.9711496871512819,
        "support": 347722.0
    }
}