{
    "accuracy": 0.9711493664479095,
    "f1_score": 0.9709891787786075
}