{
    "accuracy": 0.8920266666666666,
    "f1_score": 0.8899339440563242,
    "auc_roc": 0.9615484704783519
}