{
    "0": {
        "precision": 0.9054054054054054,
        "recall": 0.9054054054054054,
        "f1-score": 0.9054054054054054,
        "support": 148.0
    },
    "1": {
        "precision": 0.9078947368421053,
        "recall": 0.9078947368421053,
        "f1-score": 0.9078947368421053,
        "support": 152.0
    },
    "accuracy": 0.9066666666666666,
    "macro avg": {
        "precision": 0.9066500711237553,
        "recall": 0.9066500711237553,
        "f1-score": 0.9066500711237553,
        "support": 300.0
    },
    "weighted avg": {
        "precision": 0.9066666666666666,
        "recall": 0.9066666666666666,
        "f1-score": 0.9066666666666666,
        "support": 300.0
    }
}