{
    "0": {
        "precision": 0.9985855728429985,
        "recall": 1.0,
        "f1-score": 0.9992922859164898,
        "support": 706.0
    },
    "1": {
        "precision": 1.0,
        "recall": 0.9985358711566618,
        "f1-score": 0.9992673992673993,
        "support": 683.0
    },
    "accuracy": 0.9992800575953924,
    "macro avg": {
        "precision": 0.9992927864214993,
        "recall": 0.9992679355783309,
        "f1-score": 0.9992798425919445,
        "support": 1389.0
    },
    "weighted avg": {
        "precision": 0.999281075901481,
        "recall": 0.9992800575953924,
        "f1-score": 0.9992800486369154,
        "support": 1389.0
    }
}