{
    "accuracy": 0.9066666666666666,
    "f1_score": 0.9078947368421053,
    "auc_roc": 0.9720839260312943
}