{
    "accuracy": 0.9992800575953924,
    "f1_score": 0.9992673992673993
}