{
    "0": {
        "precision": 0.9837478765751375,
        "recall": 0.9740422754430889,
        "f1-score": 0.9788710186061179,
        "support": 39834.0
    },
    "1": {
        "precision": 0.9745062748095368,
        "recall": 0.9840412289000647,
        "f1-score": 0.9792505419634562,
        "support": 40166.0
    },
    "accuracy": 0.9790625,
    "macro avg": {
        "precision": 0.9791270756923371,
        "recall": 0.9790417521715769,
        "f1-score": 0.979060780284787,
        "support": 80000.0
    },
    "weighted avg": {
        "precision": 0.9791078993686735,
        "recall": 0.9790625,
        "f1-score": 0.9790615677957536,
        "support": 80000.0
    }
}