{
    "0": {
        "precision": 0.9347007530717399,
        "recall": 0.9393547102170883,
        "f1-score": 0.9370219529154664,
        "support": 10042.0
    },
    "1": {
        "precision": 0.9385345175615664,
        "recall": 0.9338220526210083,
        "f1-score": 0.9361723547770059,
        "support": 9958.0
    },
    "accuracy": 0.9366,
    "macro avg": {
        "precision": 0.9366176353166531,
        "recall": 0.9365883814190483,
        "f1-score": 0.9365971538462361,
        "support": 20000.0
    },
    "weighted avg": {
        "precision": 0.9366095844112245,
        "recall": 0.9366,
        "f1-score": 0.936598938002327,
        "support": 20000.0
    }
}