{
    "accuracy": 0.9790625,
    "f1_score": 0.9792505419634562
}