{
    "accuracy": 0.9366,
    "f1_score": 0.9361723547770059,
    "auc_roc": 0.9859672524623335
}