{
    "0": {
        "precision": 0.9439315616088751,
        "recall": 0.9684197870606623,
        "f1-score": 0.9560188848446485,
        "support": 74857.0
    },
    "1": {
        "precision": 0.9677053592164041,
        "recall": 0.9426959264335999,
        "f1-score": 0.9550369411637816,
        "support": 75143.0
    },
    "accuracy": 0.9555333333333333,
    "macro avg": {
        "precision": 0.9558184604126396,
        "recall": 0.9555578567471311,
        "f1-score": 0.955527913004215,
        "support": 150000.0
    },
    "weighted avg": {
        "precision": 0.9558411247663587,
        "recall": 0.9555333333333333,
        "f1-score": 0.9555269768845724,
        "support": 150000.0
    }
}