{
    "0": {
        "precision": 0.994649589869046,
        "recall": 0.986937586566333,
        "f1-score": 0.9907785813091748,
        "support": 350165.0
    },
    "1": {
        "precision": 0.9868655687805998,
        "recall": 0.9946198593465112,
        "f1-score": 0.9907275413498613,
        "support": 345530.0
    },
    "accuracy": 0.990753131760326,
    "macro avg": {
        "precision": 0.9907575793248229,
        "recall": 0.9907787229564221,
        "f1-score": 0.9907530613295181,
        "support": 695695.0
    },
    "weighted avg": {
        "precision": 0.9907835094650028,
        "recall": 0.990753131760326,
        "f1-score": 0.9907532313538905,
        "support": 695695.0
    }
}