{
    "accuracy": 0.990753131760326,
    "f1_score": 0.9907275413498613
}