{
    "accuracy": 0.9555333333333333,
    "f1_score": 0.9550369411637816,
    "auc_roc": 0.9927194342435042
}